year,name
2491,เจ้าพระยาศรีธรรมาธิเบศ
2491,พระยาเทพวิทุร
2491,พล. โท. พระยาเทพหัสดิน
2491,หลวงประกอบนิติสาร
2491,พระชัยปัญญา
2491,พระยากฤตราชทรงสวัสดิ์
2491,พระยาสาริกพงศ์ธรรมพิลาส
2491,หม่อมเจ้าเฉลิมศรีจันทรทัต จันทรทัต
2491,พระยาปรีดานฤเบศร์
2491,พระยาศรีธรรมราช
2491,หม่อมราชวงศ์เสนีย์ ปราโมช
2491,หม่อมเจ้าสิทธิพร กฤดากร
2491,นายเกษม บุญศรี
2491,ขุนคงฤทธิ์ศึกษากร
2491,หลวงอังคณานุรักษ์
2491,นายบุญเท่ง ทองสวัสดิ์
2491,นายเพียร ราชธรรมนิเทศ
2491,นายชวลิต อภัยวงศ์
2491,ร้อยโท สมพันธุ์ ขันธะชวนะ
2491,นายเทพ โชตินุชิต
2491,นายเกษม ดำรงบุล
2491,พระยาอรรถพิทย์พิศาล
2491,หม่อมเจ้ามงคลอุดม ชยางกูร
2491,นายหลุย คีรีวัต
2491,นายจงใจภักดิ์
2491,พระยาอรรถการีย์นิพนธ์
2491,พระยาศรีวิสารวาจา
2491,นาวาเอก พระยาศราภัยพิพัฒ
2491,พันเอก ก้าน จำนงภูมิเวท
2491,พล. โท. จิระ วิชิตสงคราม
2491,พล. โท. ชิต มั่นศิลป์ สินาดโยธารักษ์
2491,นายสุวิชช พันธเศรษฐ์
2491,นายอินทร สิงหเนตร์
2491,พลเรือตรี เล็ก สุมิตร
2491,นายทองม้วน อัตถากร
2491,นายหยุด แสงอุทัย
2491,นายโชติ คุ้มพันธ์
2491,หม่อมราชวงศ์สุมนชาติ สวัสดิกุล
2491,พันตรี หลวงสรสิทธยานุการ
2491,ขุนประเสริฐศุภมาตรา
2502,"นายกมล พหลโยธิน"
2502,"พันโท กมล พิจิตรคดีพล"
2502,"นายกมล วรรณประภา"
2502,"พลเรือตรี กมล สีตะกลิน"
2502,นาวาเอก กวี สิงหะ
2502,พันตรี กระวี สุทัศน์ ณ อยุธยา
2502,นายเกษม ศรีพยัคฆ์
2502,"นายเกษม อุทยานิน"
2502,"นายพลตำรวจจัตวา กระเษียร ศรุตานนท์"
2502,"นาวาอากาศเอก กระแสร์ อินทรัตน์"
2502,พลโท กฤช ปุณณกันต์
2502,"นาวาอากาศตรี กฤตยา สังขพิชัย"
2502,พลตรี กฤษณ์ สีวะรา
2502,"พันเอก เกรียงไกร อัตตะนันทน์"
2502,พลจัตวา โกศล อ่อนสุวรรณ
2502,นาวาอากาศเอก ไกวัลย์ ถาวรธาร
2502,พลโท หลวงกัมปนาทแสนยากร
2502,พันตรี ขุนทะยานราญรอน
2502,"พลตรี ขุนเสนาทิพ"
2502,หม่อมราชวงศ์คึกฤทธิ์ ปราโมช
2502,"พลเอก ครวญ สุทธานินทร์"
2502,พลเรือตรี จรัส บุญบงการ
2502,"พลเรือตรี จรูญ เฉลิมเตียรณ"
2502,นาวาโท เจริญ รัชตชาติ
2502,นายเจริญ ปัณฑโร
2502,"พันเอก จินดา ณ สงขลา"
2502,พลจัตวา จิตต์ สุนทานนท์
2502,พันเอก จิตต์ ธนะโชติ
2502,พันโท จิตต์กวี เกษะโกมล
2502,พลโท จิตติ นาวีเสถียร
2502,"นายจิตติ สุจริตกุล"
2502,พลตรี จำเป็น จารุเสถียร
2502,นายพลตำรวจตรี จำรัส มัณฑุกานนท์
2502,"นายจำลอง หะรินสุต"
2502,"นายจ่าง รัตนะรัต"
2502,"พลโท เจียม ญาโณทัย"
2502,พลเอก หลวงจุลยุทธ์ยรรยง
2502,"พันเอก จุมพล ทองทาบ"
2502,นายพลตำรวจตรี ฉัตร หนุนภักดี
2502,"พลโท ฉลอง อุชุโกมล"
2502,"นายฉลอง ปึงตระกูล"
2502,"นายเฉลิม พรมมาศ"
2502,พลอากาศเอก เฉลิมเกียรติ วัฒนางกูร
2502,พันเอก เฉลิมชัย จารุวัสตร์
2502,"พลโท ชลอ จารุกลัส"
2502,"พลเรือตรี ชลี สินธุโสภณ"
2502,"นายพลตำรวจจัตวา ชาญ อังศุโชติ"
2502,นาวาอากาศโท ชาญชาย สังขเนตร
2502,"พันตรี ชาญชัย วิเศษกุล"
2502,พลเรือเอก หลวงชำนาญอรรถยุทธ์
2502,พันตรี ชำนาญ มณีวัตร
2502,"นายชำนาญ ยุวบูรณ์"
2502,"นายพลตำรวจเอก หลวงชาติตระการโกศล"
2502,พลเรือตรี ชื้น สนแจ้ง
2502,พันเอก เชิดชัย ทองสิงห์
2502,นาวาเอก เฉิดชาย ถมยา
2502,พันเอก โชติ หิรัณยัษฐิติ
2502,นาวาอากาศเอก ชู สุทธิโชติ
2502,"นายชู ณ ลำปาง"
2502,นายชู ประภาสถิต
2502,นาวาอากาศเอก ชูเดช ดวงอุดม
2502,"พันตรี ชูวิทย์ เก่งถนอมม้า"
2502,พลเรือจัตวา ดาว เพชรชาติ
2502,นายดิเรก ชัยนาม
2502,นายเดชชาติ วงศ์โกมลเชษฐ
2502,หลวงดำรงดุริตเรข
2502,นายพันตำรวจเอก ต่อศักดิ์ ยมนาค
2502,"พลตรี ถนอม ปัทมานนท์"
2502,นายถวิล สุนทรศารทูล
2502,นายแถบ นีละนิธิ
2502,"พลจัตวา ธงเจิม ศังขวณิช"
2502,นายทวี แรงขำ
2502,นายทวี บุณยเกตุ
2502,"พลตรี ทวิช เสนีวงศ์ ณ อยุธยา"
2502,"พลอากาศตรี เทพ เกษมุติ"
2502,พันตรี เทียนชัย ศิริสัมพันธ์
2502,"พลจัตวา ทวนชัย โกศินานนท์"
2502,หม่อมราชวงศ์ทองแท่ง ทองแถม
2502,พลอากาศโท นักรบ บิณษรี
2502,"พันโท นิลนนท์ กระหม่อมทอง"
2502,"พลเรือตรี นัย นพคุณ"
2502,พลตรี เนตร เขมะโยธิน
2502,พลอากาศเอก บุญชู จันทรุเบกษา
2502,พลจัตวา บุญชัย บำรุงพงศ์
2502,พันเอก บุญมาก เทศบุตร
2502,"พันเอก บุญเรือน บัวจรูญ"
2502,"นาวาอากาศตรี บุญเปรียบ ดวงอุไร"
2502,นายบุญชนะ อัตถากร
2502,นายบุญรอด บิณฑสันต์
2502,นายบรรเจิด ชลวิจารณ์
2502,นายพลตำรวจตรี บันลือ เรืองตระกูล
2502,พลโท บัญญัติ เทพหัสดิน ณ อยุธยา
2502,นายพลตำรวจตรี ประจวบ กีรติบุตร
2502,พันเอก ประจวบ สุนทรางกูร
2502,"พลเอก พระประจนปัจจนึก"
2502,นายพลตำรวจตรี ประชา บูรณธนิต
2502,พลตรี ประทักษ์ จันทราภา
2502,"พันตรี ประเทียบ เทศวิศาล"
2502,พันเอก ประเทือง อารีนิจ
2502,พลโท ประพันธ์ กุลพิจิตร
2502,พลตรี ประมาณ อดิเรกสาร
2502,"พันเอก ประลอง วีระปรีย"
2502,พันตรี ประหยัด รอดโพธิ์ทอง
2502,พันโท ประยุทธ จารุมณี
2502,"นาวาโท ประสาท พรหมประวัติ"
2502,พลจัตวา ประยูร หนุนภักดี
2502,"พันตรี ประสงค์ กรีกุล"
2502,"นายประสงค์ บุญเจิม"
2502,นายพลตำรวจโท ประเสริฐ รุจิรวงศ์
2502,พันเอก ประเสริฐ ธรรมศิริ
2502,พันเอก ประเสริฐ วงษ์สุวรรณ
2502,พันเอก เปรม ติณสูลานนท์
2502,หม่อมหลวงปืนไทย มาลากุล
2502,พลโท ปรุง รังสิยานนท์
2502,พลตรี ปุ่น ปุณยฤทธิเสนีย์
2502,นายป๋วย อึ๊งภากรณ์
2502,พลตรี ผเชิญ นิมิบุตร
2502,"พลเรือโท ผิว มีคุณเอี่ยม"
2502,จอมพล ผิน ชุณหะวัณ
2502,พลโท พจน์ บูรณศิลปิน
2502,พลจัตวา พร พิศกนก
2502,"พันเอก พร ธนะภูมิ"
2502,พันตรี ไพศาล รุ่งแสง
2502,พันเอก พงษ์ เภกะนันทน์
2502,พันเอก พึ่ง พินทุโยธิน
2502,พลอากาศตรี พิชิต บุณยเสนา
2502,นาวาอากาศเอก พโยม เย็นสุดใจ
2502,นาวาอากาศโท พิน เจริญสุข
2502,นายพันตำรวจเอก พจน์ เภกะนันทน์
2502,นายพันตำรวจเอก พยงค์ สมิติ
2502,นายพ่วง สุวรรณรัฐ
2502,นายพงษ์สวัสดิ์ สุริโยทัย
2502,นายพิศ ปัญญาลักษณ์
2502,"พลตรี ฟอง ประมวญรัตน์"
2502,"พลจัตวา เฟื้อ ฤทธาคนี"
2502,นาวาอากาศโท มานะ สังขวิจิตร
2502,นายพันตำรวจเอก ไมตรี บัณเย็น
2502,นายมนูญ บริสุทธิ์
2502,"พลอากาศโท มุนี มหาสันทนะ เวชยันตรังสฤษฏ์"
2502,นายมาลัย หุวะนันทน์
2502,นายมาลัย ชูพินิจ
2502,พันเอก ยศ เทพหัสดิน ณ อยุธยา
2502,"พันตรี ยุทธศักดิ์ คล่องตรวจโรค"
2502,"นายพลตำรวจตรี เยื้อน ประภาวัต"
2502,พลโท รัศมี รัชนิวัต
2502,พลตรี ละม้าย อุทยานานนท์
2502,"นายเล็ก จุณณานนท์"
2502,นายเล้ง ศรีสมวงศ์
2502,พลตรี วิชัย พงศ์อนันต์
2502,พันโท วิชัย สังขทัต ณ อยุธยา
2502,"พลเรือตรี วิเชียร พันธุ์โภคา"
2502,"พลอากาศตรี วงศ์ พุ่มพูลผล"
2502,นาวาอากาศตรี วิเทพ จิตตะเสนีย์
2502,หลวงวุฒิศักดิ์เนตินาท
2502,"พันเอก วิรัช เพ็ชรโยธิน"
2502,นายวิสูตร อรรถยุกติ
2502,นายวิทย์ ศิวะศริยานนท์
2502,พันเอก หลวงวิจิตรวาทการ
2502,นายวัฒนา อิศรภักดี
2502,พันเอก นายวรการบัญชา
2502,พันตรี วิลาส โอสถานนท์
2502,นายวิบูลย์ ธรรมบุตร
2502,นายวีกิจ วีรานุวัตติ์
2502,พันเอก ศักดิ์ พิศิษฏพงศ์
2502,พันโท ศิริ ถิรพัฒน์
2502,พลเรือตรี ศรี ดาวราย
2502,"พลอากาศตรี ศิริ เมืองมณี"
2502,นายพันตำรวจเอก ศรีสุข มหินทรเทพ
2502,พลเอก สุทธิ์ สุทธิสารรณกร
2502,"นายพลตำรวจเอก ไสว ไสวแสนยากร"
2502,พลโท สุรใจ พูลทรัพย์
2502,พลเรือโท สนอง ธนศักดิ์
2502,พลโท สุรจิต จารุเศรนี
2502,พลจัตวา สุรกิจ มัยลาภ
2502,พลตรี เสถียร พจนานนท์
2502,พลโท สนิท สนิทยุทธการ ไทยานนท์
2502,พลเอก หลวงสวัสดิ์กลยุทธ
2502,พลเอก หลวงสถิตยุทธการ
2502,"พันตรี สิงห์ นาควัชระ"
2502,พันโท แสวง ขมะสุนทร
2502,พันตรี สัมผัส พาสนยงภิญโญ
2502,"พันเอก สมศักดิ์ ปัญจมานนท์"
2502,พันตรี สุรินทร์ ผลประไพ
2502,พันตรี สันต์ ศรแมน
2502,พันโท แสวง จามรจันทร์
2502,พันเอก สิทธิ ศิลปสุขุม
2502,พันเอก สัมฤทธิ์ แพทย์เจริญ
2502,พลจัตวา สุภชัย สุรวรรธนะ
2502,พันตรี สำราญ ศิริณรงค์
2502,"พลเรือตรี สวัสดิ์ ภูติอนันต์"
2502,"พลเรือจัตวา สนิท โปษะกฤษณะ"
2502,นาวาเอก สงัด ชลออยู่
2502,"นาวาเอก สนอง นิสาลักษณ์"
2502,"พลเรือตรี เสงี่ยม บุญมา"
2502,นาวาตรี สวัสดิ์ พูลสุข
2502,นาวาตรี สมาน กอนแก้ว
2502,พลอากาศตรี สวัสดิ์ พรชำนิ
2502,นาวาอากาศเอก สุรยุทธ รุ่งสว่าง
2502,ว่าที่นาวาอากาศตรี สุพจน์ เทพกาญจนา
2502,ว่าที่นายพันตำรวจเอก สำราญ กรัดศิริ
2502,พลโท ไสว ดวงมณี
2502,พันเอก สุข เปรุนาวิน
2502,นายสัญญา ธรรมศักดิ์
2502,นายเสกล บุณยัษฐิติ
2502,นายสมพร โหตระกิตย์
2502,"พันโท สนอง ถมังรักษ์สัตว์"
2502,"นายเสริม วินิจฉัยกุล"
2502,นายพันตำรวจโท สง่า กิตติขจร
2502,"พลเรือจัตวา จวบ หงสกุล"
2502,นายสิริ ปกาสิต
2502,พันเอก แสวง เสนาณรงค์
2502,พันตรี สุรินทร์ ชลประเสริฐ
2502,"พันตรี สม ขัตพันธุ์"
2502,นายสงวน จันทรสาขา
2502,นายสุกิจ นิมมานเหมินทร์
2502,หลวงสัมฤทธิ์วิศวกรรม
2502,"พระยาสุนทรพิพิธ"
2502,นายสมัย เรืองไกร
2502,นายสุรจิตต์ จันทรสาขา
2502,พันเอก อร่าม เมนะคงคา
2502,พลตรี อัมพร จินตกานนท์
2502,พลตรี อำนวย ไชยโรจน์
2502,"พลจัตวา อรรถ ศศิประภา"
2502,พันโท เอื้อม จิรพงศ์
2502,พันโท อรุณ ทวาทศิน
2502,พันตรี อัมพร ศรีแสง
2502,พลจัตวา อัครเดช ยงยุทธ
2502,พลเรือตรี อนันต์ เนตรโรจน์
2502,นาวาโท โอภาศ จามิกรณ์
2502,"นาวาอากาศเอก เอกชัย มุสิกบุตร"
2502,"ว่าที่นาวาอากาศโท อุทัย วัฒนวิจารณ์"
2502,"หลวงอรรถปรีชาชนูปการ"
2502,หลวงอรรถโกวิทวที
2502,หลวงอรรถไกวัลวที
2502,"นายอินทรี จันทรสถิตย์"
2502,พลเรือตรี ถวัลย์ ธำรงนาวาสวัสดิ์
2502,นาวาอากาศเอก ชิตชัย สุวรรณพฤกษ์
2502,"พระตีรณสารวิศวกรรม"
2502,"หลวงถวิลเศรษฐพณิชยการ"
2502,หลวงประกอบนิติสาร
2539,นายกมล สุขคะสมบัติ
2539,ศาสตราจารย์กระมล ทองธรรมชาติ
2539,ศาสตราจารย์เกริกเกียรติ พิพัฒน์เสรีธรรม
2539,"นายเกษม พันธุรัตน์"
2539,นายเกษม ศิริสัมพันธ์
2539,นายแก้วสรร อติโพธิ
2539,นายโกเมศ ขวัญเมือง
2539,นายโกศล ศรีสังข์
2539,ศาสตราจารย์เขียน ธีระวิทย์
2539,ศาสตราจารย์คณิต ณ นคร
2539,นายคณิน บุญสุวรรณ
2539,"นายครรชิต สุขุมินท"
2539,นายแคล้ว นรปติ
2539,นายจรัส ง๊ะสมัน
2539,นายจัตวา กลิ่นสุนทร
2539,"นายจำนงค์ พิณสาย"
2539,นายเฉลิม พรหมเลิศ
2539,นายชงค์ วงษ์ขันธ์
2539,"พลตำรวจเอก ชาญ รัตนธรรม"
2539,"นายชานนท์ สุวสิน"
2539,นายเดโช สวนานนท์
2539,นายถาวร จันทร์สม
2539,นายทวิช กลิ่นประทุม
2539,นายทองใบ ทองเปาด์
2539,นายธงชาติ รัตนวิชา
2539,รองศาสตราจารย์ธงทอง จันทรางศุ
2539,นายธรรมนูญ มงคล
2539,ศาสตราจารย์ธรรมนูญ ลัดพลี
2539,นายธีรวัฒน์ ร่มไทรทอง
2539,นายธีรศักดิ์ กีฬา
2539,นายนัจมุดดีน อูมา
2539,นายนิตินัย นาครทรรพ
2539,นายนิเวศ พันธ์เจริญวรกุล
2539,ศาสตราจารย์บวรศักดิ์ อุวรรณโณ
2539,นายบัวพรม ธีรกัลยาณพันธุ์
2539,"นายบุญเลิศ คชายุทธเดช"
2539,"นายประชุม ทองมี"
2539,นายประดัง ปรีชญางกูร
2539,"ศาสตราจารย์ประดิษฐ์ เจริญไทยทวี"
2539,นายประเทือง คำประกอบ
2539,พลตำรวจเอก ประมาณ อดิเรกสาร
2539,นายประวิทย์ เจนวีระนนท์
2539,นายประวิทย์ ทองศรีนุ่น
2539,นายประสพพร พาทยกุล
2539,นางปราณี วชิราศรีศิริกุล
2539,พันตรีปรีดา นิสสัยเจริญ
2539,"พลเอก ปัญญา สิงห์ศักดา"
2539,"นายเปลี่ยน เกตุทอง"
2539,นายพงศ์เทพ เทพกาญจนา
2539,"นายพนัส จันทรสุรินทร์"
2539,นายพนัส ทัศนียานนท์
2539,นางพวงเล็ก บุญเชียง
2539,นางพินทิพย์ ลีลาภรณ์
2539,นายพินิจ อัศวโกวิทกรณ์
2539,"นายพูนสวัสดิ์ พุทธศิริ"
2539,นายเพชร แก่นเมือง
2539,นายไพบูลย์ ชมาฤกษ์
2539,นางยุพา อุดมศักดิ์
2539,ศาสตราจารย์ลิขิต ธีรเวคิน
2539,นายวรพจน์ ณ นคร
2539,นายวรพจน์ วงศ์สง่า
2539,นายวิศัลย์ โฆษิตานนท์
2539,รองศาสตราจารย์วิสุทธิ์ โพธิแท่น
2539,"นายวุฒิพงศ์ ฉายแสง"
2539,นายสงวน พงษ์มณี
2539,นายสนั่น อินทรประเสริฐ
2539,"นายสมเกียรติ อ่อนวิมล"
2539,รองศาสตราจารย์สมคิด เลิศไพฑูรย์
2539,"พันเอก สมคิด ศรีสังคม"
2539,ร้อยตรี สมนึก ชูวิเชียร
2539,"นายสมรรค ศิริจันทร์"
2539,นายสวัสดิ์ คำประกอบ
2539,พลตำรวจเอก สวัสดิ์ อมรวิวัฒน์ 
2539,นายสามารถ แก้วมีชัย
2539,นายสำรวย ฉิมทวี
2539,ศาสตราจารย์สุจิต บุญบงการ
2539,"นายสุทธินันท์ จันทระ"
2539,นายสุนทร ทิพย์มณี
2539,นางสุนี ไชยรส
2539,นายสุบิน สินไชย
2539,นาวาโท สุรินทร์ แสงสนิท
2539,นายเสรี สุวรรณภานนท์
2539,"นายเหม สุไลมาน"
2539,นายเหลื่อม พันธ์ฤกษ์
2539,"นายองอาจ หลำอุบล"
2539,"นายอนันต์ บูรณวนิช"
2539,นายอนันต์ ผลอำนวย
2539,นายอภินันท์ เมตตาริกานนท์
2539,ศาสตราจารย์อมร รักษาสัตย์
2539,นายอานันท์ ปันยารชุน
2539,ร้อยตรี อำนวย ไทยานนท์
2539,"นายอำนวย นาครัชตะอมร"
2539,ศาสตราจารย์อุกฤษ มงคลนาวิน
2539,พันเอก (พิเศษ) อุดม ทวีวัฒน์
2539,นายอุดร กามา
2539,นายอุทัย พิมพ์ใจชน
2539,นางสาวอุทัยวรรณ ดำรงกิจการวงศ์
2539,"นายเอก วรรณทอง"
2539,นายเอนก สิทธิประศาสน์
2550,นายกนก โตสุรัตน์
2550,นางกรรณิการ์ บันเทิงจิตร
2550,นายกฤษฎา ให้วัฒนานุกูล
2550,"นายกล้านรงค์ จันทิก"
2550,นายการุณ ใสงาม
2550,นายกิตติ ตรีเศรษฐ 
2550,นายเกริกเกียรติ พิพัฒน์เสรีธรรม
2550,นายเกียรติชัย พงษ์พาณิชย์
2550,"นายคมสัน โพธิ์คง"
2550,นายจรัญ ภักดีธนากุล
2550,นายจรัส สุวรรณมาลา
2550,นายจุตินันท์ ภิรมย์ภักดี
2550,นายเจริญศักดิ์ โรจนฤทธิ์พิเชษฐ์ 
2550,นายเจิมศักดิ์ ปิ่นทอง
2550,นายช.ชัยนาท ศรีเสมาเมือง
2550,นายชนินทร์ บัวประเสริฐ
2550,"นายชวลิต หมื่นนุช"
2550,นายชาติชาย เจียมศรีพงษ์
2550,นายชาติชาย แสงสุข
2550,นายชาลี กางอิ่ม
2550,"นายชำนาญ ภูวิลัย"
2550,นายชูชัย ศุภวงศ์
2550,นายโชคชัย อักษรนันท์
2550,นายไชยยศ เหมะรัชตะ
2550,นางดวงสุดา เตโชติรส 
2550,นายเดโช สวนานนท์
2550,"นายธนพิชญ์ มูลพฤกษ์"
2550,พลตำรวจโท ธรรมนิตย์ ปิตะนีละบุตร
2550,นายธวัช บวรวนิชยกูร
2550,นายธิติพันธุ์ เชื้อบุญชัย
2550,นายธีรวัฒน์ ร่มไทรทอง
2550,นายนครินทร์ เมฆไตรรัตน์
2550,นายนรนิติ เศรษฐบุตร
2550,"นายนิตย์ วังวิวัฒน์"
2550,นายนิมิตร ชัยจีระธิกุล
2550,นายนุรักษ์ มาประณีต
2550,นายปกรณ์ ปรียากร
2550,นายประดิษฐ์ เหลืองอร่าม
2550,นายประพันธ์ นัยโกวิท
2550,นายประวิทย์ อัครชิโนเรศ
2550,นายประสงค์ พิทูรกิจจา
2550,นายปริญญา ศิริสารการ
2550,นางพรรณราย แสงวิเชียร 
2550,นางสาวพวงเพชร สารคุณ
2550,นายพิเชียร อำนาจวรประเสริฐ
2550,นายพิสิฐ ลี้อาธรรม
2550,พลเรือเอก พีรศักดิ์ วัชรมูล
2550,"นายไพบูลย์ วราหะไพฑูรย์"
2550,"นายไพโรจน์ พรหมสาส์น"
2550,นายมนตรี เพชรขุ้ม
2550,นางมนูญศรี โชติเทวัญ
2550,นายมานิจ สุขสมจิตร
2550,พลตำรวจเอก มีชัย นุกูลกิจ
2550,นายรัฐ ชูกลิ่น
2550,นางรุจิรา เตชางกูร 
2550,นายวรากรณ์ สามโกเศศ
2550,"นายวัชรา หงส์ประภัศร"
2550,นายวิชัย รูปขำดี
2550,นายวิชัย เรืองเริงกุลฤทธิ์
2550,นายวิชัย ศรีขวัญ
2550,นายวิชา มหาคุณ
2550,"นายวิทธยา บริบูรณ์ทรัพย์"
2550,"นายวิทยา คชเขื่อน"
2550,นายวิทยา งานทวี
2550,นายวิทวัส บุญญสถิตย์
2550,นายวีนัส ม่านมุงศิลป์
2550,"นายวุฒิชาติ กัลยาณมิตร"
2550,นายวุฒิสาร ตันไชย
2550,นายศรีราชา เจริญพานิช
2550,"นายศักดิ์ชัย อุ่นจิตติกุล"
2550,"นายศักดิ์นรินทร์ เขื่อนอ้น"
2550,นายศิวะ แสงมณี
2550,"นายเศวต ทินกูล"
2550,นางสดศรี สัตยธรรม
2550,นายสนั่น อินทรประเสริฐ
2550,"นายสมเกียรติ รอดเจริญ"
2550,นายสมคิด เลิศไพฑูรย์ 
2550,"นายสมชัย ฤชุพันธุ์"
2550,นายสมยศ สมวิวัฒน์ชัย
2550,"นายสวัสดิ์ โชติพานิช"
2550,นายสว่าง ภู่พัฒน์วิบูลย์
2550,"นายสวิง ตันอุด"
2550,นายสามขวัญ พนมขวัญ
2550,นายสุนทร จันทร์รังสี
2550,นายสุรชัย เลี้ยงบุญเลิศชัย
2550,"นายสุรพล พงษ์ทัดศิริกุล"
2550,นายเสริมเกียรติ วรดิษฐ์
2550,นายเสรี นิมะยุ
2550,นายเสรี สุวรรณภานนท์
2550,นายหลักชัย กิตติพล
2550,นายอนุศาสน์ สุวรรณมงคล
2550,นายอภิชาติ ดำดี
2550,นายอรรครัตน์ รัตนจันทร์
2550,"นายอรัญ ธรรมโน"
2550,นางสาวอลิสา พันธุศักดิ์
2550,นายอัครวิทย์ สุมาวงศ์
2550,นางอังคณา นีละไพจิตร
2550,นางสาวอาภา อรรถบูรณ์วงศ์
2550,"นายอุทิศ ชูช่วย"
2550,นายโอภาส เตพละกุล